{
	"info": {
		"_postman_id": "0a004e4a-abf1-4ea5-9acf-f51ccd5496dd",
		"name": "S-play",
		"schema": "https://schema.getpostman.com/json/collection/v2.1.0/collection.json",
		"_exporter_id": "38952921"
	},
	"item": [
		{
			"name": "admin",
			"item": [
				{
					"name": "create",
					"request": {
						"method": "POST",
						"header": [],
						"body": {
							"mode": "raw",
							"raw": "{\n    \"first_name\":\"abdilaziz\",\n    \"last_name\":\"abdusodiqov\",\n    \"email\":\"test@mail.com\",\n    \"password\":\"parol\",\n    \"confirm_password\":\"parol\"\n}",
							"options": {
								"raw": {
									"language": "json"
								}
							}
						},
						"url": {
							"raw": "localhost:3001/admin",
							"host": [
								"localhost"
							],
							"port": "3001",
							"path": [
								"admin"
							]
						}
					},
					"response": []
				},
				{
					"name": "update",
					"request": {
						"method": "POST",
						"header": [],
						"body": {
							"mode": "raw",
							"raw": "{\n    \"first_name\":\"abdilaziz\",\n    \"last_name\":\"abdusodiqov\",\n    \"email\":\"test@mail.com\",\n    \"password\":\"parol\",\n    \"confirm_password\":\"parol\"\n}",
							"options": {
								"raw": {
									"language": "json"
								}
							}
						},
						"url": {
							"raw": "localhost:3001/admin",
							"host": [
								"localhost"
							],
							"port": "3001",
							"path": [
								"admin"
							]
						}
					},
					"response": []
				},
				{
					"name": "update Copy",
					"protocolProfileBehavior": {
						"disableBodyPruning": true
					},
					"request": {
						"method": "GET",
						"header": [],
						"body": {
							"mode": "raw",
							"raw": "{\n    \"first_name\":\"abdilaziz\",\n    \"last_name\":\"abdusodiqov\",\n    \"email\":\"test@mail.com\",\n    \"password\":\"parol\",\n    \"confirm_password\":\"parol\"\n}",
							"options": {
								"raw": {
									"language": "json"
								}
							}
						},
						"url": {
							"raw": "localhost:3001/admin",
							"host": [
								"localhost"
							],
							"port": "3001",
							"path": [
								"admin"
							]
						}
					},
					"response": []
				}
			]
		},
		{
			"name": "auth admin",
			"item": [
				{
					"name": "sign up admin",
					"request": {
						"method": "POST",
						"header": [],
						"body": {
							"mode": "raw",
							"raw": "{\n    \"first_name\":\"abdilaziz\",\n    \"last_name\":\"abdusodiqov\",\n    \"email\":\"test2@mail.com\",\n    \"password\":\"parol\",\n    \"confirm_password\":\"parol\"\n}",
							"options": {
								"raw": {
									"language": "json"
								}
							}
						},
						"url": {
							"raw": "localhost:3001/auth/admin/sign-up",
							"host": [
								"localhost"
							],
							"port": "3001",
							"path": [
								"auth",
								"admin",
								"sign-up"
							]
						}
					},
					"response": []
				},
				{
					"name": "sign in admin",
					"request": {
						"method": "POST",
						"header": [],
						"body": {
							"mode": "raw",
							"raw": "{\n    \"email\":\"test2@mail.com\",\n    \"password\":\"parol\"\n}",
							"options": {
								"raw": {
									"language": "json"
								}
							}
						},
						"url": {
							"raw": "localhost:3001/auth/admin/sign-in",
							"host": [
								"localhost"
							],
							"port": "3001",
							"path": [
								"auth",
								"admin",
								"sign-in"
							]
						}
					},
					"response": []
				},
				{
					"name": "sign out admin",
					"protocolProfileBehavior": {
						"disableBodyPruning": true
					},
					"request": {
						"method": "GET",
						"header": [],
						"body": {
							"mode": "raw",
							"raw": "",
							"options": {
								"raw": {
									"language": "json"
								}
							}
						},
						"url": {
							"raw": "localhost:3001/auth/admin/sign-out",
							"host": [
								"localhost"
							],
							"port": "3001",
							"path": [
								"auth",
								"admin",
								"sign-out"
							]
						}
					},
					"response": []
				},
				{
					"name": "refresh token admin",
					"protocolProfileBehavior": {
						"disableBodyPruning": true
					},
					"request": {
						"method": "GET",
						"header": [],
						"body": {
							"mode": "raw",
							"raw": "",
							"options": {
								"raw": {
									"language": "json"
								}
							}
						},
						"url": {
							"raw": "localhost:3001/auth/admin/2/refresh",
							"host": [
								"localhost"
							],
							"port": "3001",
							"path": [
								"auth",
								"admin",
								"2",
								"refresh"
							]
						}
					},
					"response": []
				}
			]
		},
		{
			"name": "auth user",
			"item": [
				{
					"name": "sign up user",
					"request": {
						"method": "POST",
						"header": [],
						"body": {
							"mode": "raw",
							"raw": "{\n    \"email\":\"test2@mail.com\",\n    \"age\":12,\n    \"gender\":\"male\",\n    \"password\":\"parol\",\n    \"confirm_password\":\"parol\"\n}",
							"options": {
								"raw": {
									"language": "json"
								}
							}
						},
						"url": {
							"raw": "localhost:3001/auth/sign-up",
							"host": [
								"localhost"
							],
							"port": "3001",
							"path": [
								"auth",
								"sign-up"
							]
						}
					},
					"response": []
				},
				{
					"name": "sign in user",
					"request": {
						"method": "POST",
						"header": [],
						"body": {
							"mode": "raw",
							"raw": "{\n    \"email\":\"test2@mail.com\",\n    \"password\":\"parol\"\n}",
							"options": {
								"raw": {
									"language": "json"
								}
							}
						},
						"url": {
							"raw": "localhost:3001/auth/sign-in",
							"host": [
								"localhost"
							],
							"port": "3001",
							"path": [
								"auth",
								"sign-in"
							]
						}
					},
					"response": []
				},
				{
					"name": "sign out user",
					"protocolProfileBehavior": {
						"disableBodyPruning": true
					},
					"request": {
						"method": "GET",
						"header": [],
						"body": {
							"mode": "raw",
							"raw": "",
							"options": {
								"raw": {
									"language": "json"
								}
							}
						},
						"url": {
							"raw": "localhost:3001/auth/sign-out",
							"host": [
								"localhost"
							],
							"port": "3001",
							"path": [
								"auth",
								"sign-out"
							]
						}
					},
					"response": []
				},
				{
					"name": "refresh token user",
					"protocolProfileBehavior": {
						"disableBodyPruning": true
					},
					"request": {
						"method": "GET",
						"header": [],
						"body": {
							"mode": "raw",
							"raw": "",
							"options": {
								"raw": {
									"language": "json"
								}
							}
						},
						"url": {
							"raw": "localhost:3001/auth/1/refresh",
							"host": [
								"localhost"
							],
							"port": "3001",
							"path": [
								"auth",
								"1",
								"refresh"
							]
						}
					},
					"response": []
				}
			]
		}
	]
}